<?xml version="1.0" encoding="UTF-8"?>
<!DOCTYPE suite SYSTEM "https://testng.org/testng-1.0.dtd">
<suite name="Suite">
<parameter name="url" value="http://leaftaps.com/opentaps/control/main"></parameter>
<parameter name="language" value="french"></parameter>
  <test thread-count="5" name="Test" verbose="5" parallel="classes">
    <classes>
      <class name="testcases.VerifyHomePage"/>
      <class name="testcases.LoginLogout"/>
    </classes>
  </test> <!-- Test -->
</suite> <!-- Suite -->
